{
    "V_in": 12.0,
    "V_boost_target": 340.0,
    "V_rms_target": 220.0,
    "f_grid": 50.0,
    "f_pwm": 20000.0,
    "L_boost": 0.0001,
    "C_boost": 0.00047,
    "R_load": 50.0,
    "t_sim": 0.1,
    "statistics": {
        "avg_v_boost": 139.166062941737,
        "avg_power_in": 408.76688482980455,
        "avg_power_out": 172.61568841191678,
        "efficiency": 42.2283934482089,
        "thd": 23.550228573328397,
        "v_rms_output": 97.38486063714966
    }
}